titulo,resumen,autor,fecha,url
Una agencia de gobierno de Chile aprobó una propuesta para producción de litio,"En virtud del acuerdo de asociación, SQM cedería a Codelco la mayoría de sus valiosos activos a cambio de tres décadas más de explotación",,"Wed, 02 Jul 2025 16:06:23 +0000",https://www.larepublica.co/globoeconomia/una-agencia-de-gobierno-de-chile-aprobo-una-propuesta-para-produccion-de-litio-4170451
Los títulos de tesorería siguen siendo atractivos a pesar del contexto económico,Altas tasas de interés e inversionistas dispuestos a apostar en mercados emergentes son algunas de las razones que explican este comportamiento,,"Wed, 02 Jul 2025 15:53:21 +0000",https://www.larepublica.co/economia/los-titulos-de-tesoreria-siguen-siendo-atractivos-a-pesar-del-panorama-economico-4170432
Trump anunció acuerdo comercial con Vietnam con aranceles de importación de 20%,El mandatario añadió que el país asiático había acordado eliminar todos los gravámenes sobre las importaciones estadounidenses,,"Wed, 02 Jul 2025 15:30:45 +0000",https://www.larepublica.co/globoeconomia/trump-anuncio-acuerdo-comercial-con-vietnam-con-aranceles-de-importacion-de-20-4170407
BlackRock listó cinco nuevos ETF de renta fija en el Mercado Global Colombiano,"De acuerdo con Diego Mora, country manager de BlackRock para Colombia, Perú y Centroamérica, aseguró que estos títulos tienen vencimientos específicos hasta 2030",,"Wed, 02 Jul 2025 15:20:10 +0000",https://www.larepublica.co/finanzas/blackrock-listo-cinco-nuevos-etf-de-renta-fija-en-el-mercado-global-colombiano-de-la-bvc-4170382
"Hamás dice que estudia propuesta de alto el fuego calificada de ""definitiva"" por Trump","El primer ministro israelí, Benjamin Netanyahu, pidió la eliminación de Hamás en sus primeras declaraciones públicas desde el anuncio de Trump",,"Wed, 02 Jul 2025 15:16:43 +0000",https://www.larepublica.co/globoeconomia/hamas-dice-que-estudia-propuesta-de-alto-el-fuego-calificada-de-definitiva-por-trump-4170403
Bloque Mercosur concluye conversaciones para acuerdo con bloque europeo Efta,"El bloque incluye a Brasil y Argentina, Uruguay, Paraguay y Bolivia, en tanto que el Efta está compuesta por Islandia, Liechtenstein, Noruega y Suiza",,"Wed, 02 Jul 2025 15:13:11 +0000",https://www.larepublica.co/globoeconomia/bloque-mercosur-concluye-conversaciones-para-acuerdo-con-bloque-europeo-efta-4170375
Frisby envío una carta de reclamación contra Frisby España para iniciar acciones legales,"Si la reclamación no se da avances significativos, se iniciarán acciones legales en contra de la compañía bilbaina en la justicia española",,"Wed, 02 Jul 2025 15:01:22 +0000",https://www.larepublica.co/empresas/frisby-el-envio-de-una-reclamacion-contra-frisby-espana-para-iniciar-acciones-legales-4170337
Sean Combs absuelto de los cargos más graves y culpable de delitos de prostitución,"El veredicto significa que Diddy escapó de cadena perpetua, aunque todavía enfrenta un máximo de 20 años por los dos cargos de prostitución",,"Wed, 02 Jul 2025 14:49:20 +0000",https://www.larepublica.co/globoeconomia/sean-combs-absuelto-de-los-cargos-mas-graves-y-culpable-de-delitos-de-prostitucion-4170368
Starmer respalda a ministra de Hacienda Reeves tras comparecencia parlamentaria,La ministra Rachel Reeves pareció estar agotada y luchando por contener las lágrimas durante la sesión de media hora,,"Wed, 02 Jul 2025 14:47:17 +0000",https://www.larepublica.co/globoeconomia/starmer-respalda-a-ministra-de-hacienda-reeves-tras-comparecencia-parlamentaria-4170360
El transporte de cobre en Perú se vio interrumpido por bloqueo vial de manifestantes,"Si bien las operaciones en el lugar no se vieron afectadas por las protestas, el transporte de cobre semiprocesado fue interrumpido",,"Wed, 02 Jul 2025 14:44:17 +0000",https://www.larepublica.co/globoeconomia/el-transporte-de-cobre-en-peru-se-vio-interrumpido-por-bloqueo-vial-de-manifestantes-4170342
La cartera de crédito sigue recuperándose gradualmente con tasas real anual positivas,"El centro de estudios económicos Anif dijo que este comportamiento se muestra en casi todas las divisiones de préstamos, menos en la categoría de consumo",,"Wed, 02 Jul 2025 14:37:05 +0000",https://www.larepublica.co/finanzas/recuperacion-de-la-cartera-de-credito-2025-4170322
Netanyahu promete el fin de Hamás en declaraciones desde el alto al fuego de Trump,,,"Wed, 02 Jul 2025 14:27:59 +0000",https://www.larepublica.co/globoeconomia/netanyahu-promete-el-fin-de-hamas-en-declaraciones-desde-el-alto-al-fuego-de-trump-4170327
Ventas de Tesla caen 13% a 384.122 vehículos y es la segunda baja trimestral,Tesla ahora debe sobreponerse a un déficit de casi 110.000 carros en el segundo semestre para volver a registrar un crecimiento anual,,"Wed, 02 Jul 2025 14:21:53 +0000",https://www.larepublica.co/globoeconomia/ventas-de-tesla-caen-13-a-384-122-vehiculos-y-es-la-segunda-baja-trimestral-consecutiva-4170314
Colpensiones advirtió que no hay dinero para dar $230.000 al mes a adultos mayores,"El presidente de la entidad indicó que Petro ordenó la inclusión de estos montos en el Presupuesto, así como el uso de las reservas que queden disponibles a finales de 2025",,"Wed, 02 Jul 2025 14:15:19 +0000",https://www.larepublica.co/economia/colpensiones-advirtio-que-no-hay-dinero-para-dar-230-000-al-mes-a-adultos-mayores-4170285
Senado aprueba leyes de seguridad inspiradas en modelo de Sheinbaum en la capital,"La propuesta también busca desarrollar políticas para prevenir la delincuencia abordando sus causas profundas, según un comunicado de los diputados",,"Wed, 02 Jul 2025 14:10:59 +0000",https://www.larepublica.co/globoeconomia/senado-aprueba-leyes-de-seguridad-inspiradas-en-modelo-de-sheinbaum-en-la-capital-4170297
Este es el ranking de los carros más vendidos en junio y el primer semestre del año,"En el primer semestre del 2025, el segmento que presentó un mayor crecimiento fue el de las camionetas, con un incremento de 42%",,"Wed, 02 Jul 2025 14:07:21 +0000",https://www.larepublica.co/empresas/este-es-el-ranking-de-los-modelos-mas-vendidos-en-junio-y-el-primer-semestre-del-ano-4170218
Alemania y Reino Unido firmarán oficialmente un pacto de ayuda mutua en defensa,"El primer ministro británico Starmer, y el entonces canciller Scholz, publicaron una declaración en la que prometían una cooperación más estrecha",,"Wed, 02 Jul 2025 14:05:55 +0000",https://www.larepublica.co/globoeconomia/alemania-y-reino-unido-firmaran-oficialmente-un-pacto-de-ayuda-mutua-en-defensa-4170283
Al menos ocho municipios de Cundinamarca están en alerta por las fuertes lluvias,Los municipios de Guavio y Medina son las localidades en las que se han incrementado hasta 20% las prescipitaciones,,"Wed, 02 Jul 2025 13:58:20 +0000",https://www.larepublica.co/economia/al-menos-ocho-municipios-de-cundinamarca-estan-en-alerta-por-las-fuertes-lluvias-4170266
Aerolínea SAS llegó a acuerdo de compra de hasta 55 aviones con brasileña Embraer,"El negocio sigue a un revés para Embraer a principios de mes, cuando Airbus cerró un pedido histórico de 40 aviones A220 de LOT",,"Wed, 02 Jul 2025 13:58:03 +0000",https://www.larepublica.co/globoeconomia/aerolinea-sas-llego-a-acuerdo-de-compra-de-hasta-55-aviones-con-brasilena-embraer-4170272
Aumentan exportaciones petroleras de Venezuela con más cargamentos rumbo a China,"A finales de mayo, Washington canceló un grupo de licencias que autorizaban a socios de la petrolera Pdvsa, como Chevron y Repsol",,"Wed, 02 Jul 2025 13:40:41 +0000",https://www.larepublica.co/globoeconomia/aumentan-exportaciones-petroleras-de-venezuela-con-mas-cargamentos-rumbo-a-china-4170255
Empresa productora de alimentos enlatados Del Monte Foods se declara en quiebra,"La compañía solicitó protección judicial en Nueva Jersey, alegando que acumula aproximadamente US$1.245 millones en deuda garantizada",,"Wed, 02 Jul 2025 13:24:28 +0000",https://www.larepublica.co/globoeconomia/empresa-productora-de-alimentos-enlatados-del-monte-foods-se-declara-en-quiebra-4170226
Títulos de tesorería a 2029 registraron colocaciones que llegaron a $30 billones,Ministerio de Hacienda manifestó que espera abrir mayor espacio para el fortalecimiento de la referencia en pesos con vencimiento en 2029,,"Wed, 02 Jul 2025 13:22:58 +0000",https://www.larepublica.co/economia/titulos-de-tesoreria-con-vencimiento-a-2029-registraron-colocaciones-de-30-billones-4170224
La fintech Welli obtuvo US$25 millones en rondas de inversión para créditos,La entidad ya ha otorgado más de $50.000 millones en préstamos médicos y suma más de 1.500 aliados médicos en toda su red,,"Wed, 02 Jul 2025 13:21:05 +0000",https://www.larepublica.co/finanzas/fintech-welli-obtuvo-us-25-millones-en-rondas-de-inversion-para-creditos-de-salud-4170225
Google ofrece nueva propuesta para eludir multa antimonopolio de la Unión Europea,El gigante tecnológico estadounidense se encuentra bajo presión tras haber sido acusado en marzo por la UE de favorecer sus propios servicios,,"Wed, 02 Jul 2025 13:15:59 +0000",https://www.larepublica.co/globoeconomia/google-ofrece-nueva-propuesta-para-eludir-multa-antimonopolio-de-la-union-europea-4170223
Frisby España iniciará su operación con la apertura de 12 puntos de venta este año,"Dupont anunció la contratación de 90 personas para iniciar la operación en el país. Serían 25 personas por restaurante, en Madrid y Barcelona,",,"Wed, 02 Jul 2025 13:08:05 +0000",https://www.larepublica.co/empresas/frisby-espana-anuncia-la-apertura-de-12-puntos-de-venta-para-finales-de-2025-4170179
"El dólar se cotiza por debajo de $4.015, un valor no registrado desde agosto",Los actores del mercado se mantienen a la espera luego del proyecto de presidente de Estado Unidos y de los datos de empleo estadounidenses de junio,,"Wed, 02 Jul 2025 13:02:56 +0000",https://www.larepublica.co/finanzas/precios-del-dolar-y-petroleo-hoy-2-de-julio-4170175
"Gobierno prepara una resolución para ""facilitar"" procesos en el sistema eléctrico",La Upme indicó que el proyecto normativo estará disponible para comentarios y observaciones del público a finales de julio de 2025,,"Wed, 02 Jul 2025 12:17:34 +0000",https://www.larepublica.co/economia/gobierno-prepara-resolucion-para-facilitar-procesos-en-el-sistema-interconectado-4170164
"Menores tensiones comerciales, entre lo que moverá la tasa de cambio",Los analistas de la firma Acciones y Valores anticipan un rango de cotización entre $4.050 y $4..115 con posibles extensiones al rango de $4.025 y $4.135 por dólar,,"Wed, 02 Jul 2025 12:13:08 +0000",https://www.larepublica.co/finanzas/menores-tensiones-comerciales-entre-lo-que-movera-la-tasa-de-cambio-4170131
Trump afirma que Israel acepta los términos de un alto el fuego de 60 días en Gaza,"Los mediadores, Qatar y Egipto, entregarán a Hamás una propuesta ""final"", según indicó Trump en un mensaje en las redes sociales el martes",,"Wed, 02 Jul 2025 12:09:50 +0000",https://www.larepublica.co/globoeconomia/trump-afirma-que-israel-acepta-los-terminos-de-un-alto-el-fuego-de-60-dias-en-gaza-4170154
"Donald Trump recorre el ""Alcatraz de los lagartos"" y aboga por más deportaciones","El centro se encuentra a unos 60 kilómetros de Miami, en un vasto humedal subtropical repleto de caimanes, cocodrilos y pitones",,"Wed, 02 Jul 2025 12:05:26 +0000",https://www.larepublica.co/globoeconomia/donald-trump-recorre-el-alcatraz-de-los-lagartos-y-aboga-por-mas-deportaciones-4170158
"A tres meses que se levantó racionamiento de agua, Chingaza alcanza 80%","El alcalde de Bogotá, Carlos Galán resaltó que esto no ocurría desde hace 1.000 días, es decir que el sistema no estaba por en cima de 80% desde agosto de 2022",,"Wed, 02 Jul 2025 11:57:00 +0000",https://www.larepublica.co/economia/a-tres-meses-que-se-levanto-racionamiento-de-agua-chingaza-alcanza-80-de-llenado-4170140
Precios del carbón y el petróleo siguen siendo el talón de Aquiles de la economía,Moody’s advirtió que el país no tendría el mejor desempeño en 2025 frente a sus vecinos y que recortes en las tasas empezaron a estimular la economía mientras cedía la inflación,,"Wed, 02 Jul 2025 11:55:50 +0000",https://www.larepublica.co/economia/precios-del-carbon-y-el-petroleo-siguen-siendo-el-talon-de-aquiles-de-la-economia-4170146
Fallo respaldó a la Supersociedades en sanción por irregularidades de G y J Ramírez,La sociedad demandante tiene la posibilidad de interponer recurso de apelación ante el Tribunal Administrativo de Cundinamarca,,"Wed, 02 Jul 2025 11:52:06 +0000",https://www.larepublica.co/empresas/fallo-respaldo-a-supersociedades-en-sancion-por-irregularidades-de-g-y-j-ramirez-s-a-4170127
China alerta ante acuerdos de Estados Unidos que la excluirían del comercio global,Los funcionarios estadounidenses están inmersos en conversaciones con los principales socios comerciales de Asia y Europa,,"Wed, 02 Jul 2025 11:50:43 +0000",https://www.larepublica.co/globoeconomia/china-alerta-ante-acuerdos-de-estados-unidos-que-la-excluirian-del-comercio-global-4170143
La SIC multó a Movistar por $3.000 millones debido al bono 'Siempre Conectado',"Según el ente de control, la multa fue por la implementación de la estrategia ‘Siempre Conectado’, en la que Movistar concibió e implementó un programa de ‘fidelización’",,"Wed, 02 Jul 2025 11:44:08 +0000",https://www.larepublica.co/empresas/la-sic-multo-a-movistar-por-3-000-millones-debido-al-bono-siempre-conectado-4170124
"Santander compra TSB por US$3.648,62 millones y sumará 28 millones de clientes","El banco anunció el pasado 5 de mayo la venta de 49% del capital que mantenía en su filial polaca por 6.800 millones de euros (US$8.003,43 millones)",,"Wed, 02 Jul 2025 11:31:14 +0000",https://www.larepublica.co/globoeconomia/santander-compra-tsb-por-us-3-648-62-millones-y-sumara-28-millones-de-clientes-4170123
El oro se estabiliza sobre US$3.340 mientras inversores sopesan la postura de la Fed,"El índice del dólar estadounidense .DXY se debilitaba a su punto más bajo en más de tres años, lo que hace que los lingotes sean más asequibles",,"Wed, 02 Jul 2025 11:30:29 +0000",https://www.larepublica.co/finanzas/precio-del-oro-hoy-02-de-julio-de-2025-4170125
"TransMiCable, un cambio de vida para la comunidad","El TransMiCable, ese teleférico que cambió a Ciudad Bolívar, ha sido postulado al Shanghai Award, un reconocimiento internacional otorgado por ONU-Hábitat a las mejores prácticas urbanas centradas en las personas",,"Wed, 02 Jul 2025 05:03:59 +0000",https://www.larepublica.co/analisis/alejandro-zambrano-3931030/transmicable-un-cambio-de-vida-para-la-comunidad-4169569
Magdalena sustentable: compromiso empresarial con el futuro,"Este entorno privilegiado no sólo es un activo natural de incalculable valor, sino también un factor diferenciador para el desarrollo empresarial. Como lo argumentan referentes internacionales, la incorporación de criterios ASG en los modelos de negocio no es una carga, sino una oportunidad estratégica",,"Wed, 02 Jul 2025 05:03:57 +0000",https://www.larepublica.co/analisis/silvia-elena-medina-romero-3915900/magdalena-sustentable-compromiso-empresarial-con-el-futuro-4169555
Un Gobierno fallido e irresponsable,"Sobre el bloqueo a los proyectos de infraestructura, debo recordar que la Anla fue puesta por Petro en manos de fanáticas ambientalistas que han bloqueado innumerables proyectos",,"Wed, 02 Jul 2025 05:01:59 +0000",https://www.larepublica.co/analisis/francisco-barbosa-3943941/un-gobierno-fallido-e-irresponsable-4169624
"EPM saldrá de su participación en Tigo-UNE por una cifra que totaliza $2,1 billones",La Junta Directiva de EPM aprobó el programa de enajenación para vender 5.015.035 acciones a un precio mínimo de $418.741 cada una,,"Wed, 02 Jul 2025 05:01:56 +0000",https://www.larepublica.co/empresas/epm-saldra-de-su-participacion-en-tigo-une-por-una-cifra-que-totaliza-2-1-billones-4169882
Colombia rezagada,"Colombia ya no lidera: rezaga. Su crecimiento es inferior al regional, la inversión se contrajo, la productividad estancada, y la incertidumbre política cobrando una factura más alta de lo esperada.",,"Wed, 02 Jul 2025 05:01:56 +0000",https://www.larepublica.co/analisis/simon-gaviria-munoz-401830/colombia-rezagada-4169587
A Colombia y a la región le faltan millonarios,"Solo 1,6% de los millonarios del planeta vive en América Latina, a pesar de que la región representa cerca de 6% del PIB; la escasez de millonarios es sinónimo de poco desarrollo",,"Wed, 02 Jul 2025 05:01:53 +0000",https://www.larepublica.co/opinion/editorial/a-colombia-y-a-la-region-le-faltan-millonarios-4168948
El peso colombiano es la cuarta moneda de la región más revaluada hasta julio,"Los precios del petróleo bajaban el martes, ante las expectativas de un aumento de la producción de la Opep+ en agosto. el dólar se debilita a nivel global",,"Wed, 02 Jul 2025 05:01:52 +0000",https://www.larepublica.co/finanzas/hoy-en-dia-el-peso-colombiano-es-la-moneda-mas-revaluada-frente-a-la-de-chile-y-peru-4169853
La economía circular llegó a los festivales de música y pretenden mitigar el impacto ambiental,"Un caso similar sucedió en Estéreo Picnic 2025, se vendieron vasos reutilizables que fueron elaborados con materiales reciclables",,"Wed, 02 Jul 2025 05:01:50 +0000",https://www.larepublica.co/responsabilidad-social/la-economia-circular-llego-a-los-festivales-de-musica-y-pretenden-mitigar-el-impacto-ambiental-4169609
"La cuenta de banco emocional, una idea que amerita ser recordada","En un entorno global altamente competitivo, en el que a una mayoría de empresas las guía la filosofía “más es más”, ser un líder genuinamente más humano resulta una ventaja competitiva",,"Wed, 02 Jul 2025 05:01:49 +0000",https://www.larepublica.co/analisis/silvana-roiter-modiano-4081234/la-cuenta-de-banco-emocional-una-idea-que-amerita-ser-recordada-4169628
El golpe que fue (y no será),,,"Wed, 02 Jul 2025 05:01:48 +0000",https://www.larepublica.co/analisis/luis-guillermo-velez-cabrera-402232/el-golpe-que-fue-y-no-sera-4169635
"Hidratación, alimentación y entrenamiento, infaltables de un corredor para la WWF","El aire, el agua, los alimentos y el clima son factores importantes a tener en cuenta si busca tener un buen rendimiento cuando corre",,"Wed, 02 Jul 2025 05:01:42 +0000",https://www.larepublica.co/responsabilidad-social/hidratacion-alimentacion-y-entrenamiento-los-infaltables-de-un-corredor-para-la-wwf-4168740
"Producción industrial mejoró al cierre del semestre, pero desempleo aumentó","El Índice de Gestión de Compras de Davivienda mostró que aumentó la producción, pero hay presiones en las empresas, sobre todo por la inflación",,"Wed, 02 Jul 2025 05:01:40 +0000",https://www.larepublica.co/economia/produccion-industrial-mejoro-al-cierre-del-semestre-pero-aumento-el-desempleo-en-el-sector-4169980
"“Venimos con un ritmo de ejecución mayor, este año llegaremos US$1.800 millones”","Jorge Andrés Carrillo, presidente de ISA, contó que vienen de un ritmo de ejecución de US$1.200 millones al año, el cual subirán con los proyectos ganados que desarrollarán",,"Wed, 02 Jul 2025 05:01:38 +0000",https://www.larepublica.co/empresas/entrevista-a-jorge-andres-carrillo-presidente-de-isa-4168953
Los tres lunares que Anif le sigue viendo al nuevo sistema pensional que fue aprobado,Uno de los desafíos es que no se han modificado las condiciones para la población que ha cotizado menos de 300 semanas y que no esté en condición de pobreza,,"Wed, 02 Jul 2025 05:01:38 +0000",https://www.larepublica.co/economia/los-tres-lunares-que-anif-le-sigue-viendo-al-nuevo-sistema-pensional-4169740
Con el agua al cuello,,,"Wed, 02 Jul 2025 05:01:31 +0000",https://www.larepublica.co/caja-fuerte/con-el-agua-al-cuello-4169655
Ni exceso ni vacío: legislar bien,"La clave está en construir un marco normativo moderno y equilibrado, que impulse la adopción ética y responsable de la tecnología, que también promueva la innovación",,"Wed, 02 Jul 2025 05:01:28 +0000",https://www.larepublica.co/analisis/ciro-rodriguez-pinzon-2851298/ni-exceso-ni-vacio-legislar-bien-4169632
Colombia clasificó en el top 10 de los países que más realizan cirugías plásticas en el mundo,"La liposucción,el aumento de senos,la cirugía de párpados, el aumento de glúteos y la abdominoplastia fueron los procedimientos quirúrgicos más comunes en el país el año pasado",,"Wed, 02 Jul 2025 05:01:27 +0000",https://www.larepublica.co/ocio/colombia-es-un-pais-que-lidera-en-el-campo-de-las-cirugias-plasticas-a-nivel-mundial-4168951
El golazo de Petro a los ‘viejos’,"El texto presentado redujo el bono a $223.000 mensuales y lo dirigió sólo a 2,8 millones de adultos mayores en extrema pobreza y pobreza. Si dicen que no hay plata -y ya vimos que no hay-, pueden no entregarlo, o por lo menos no mensualmente, como lo habían prometido. Una vez más, Petro estafa a sus ‘viejos’",,"Wed, 02 Jul 2025 05:01:26 +0000",https://www.larepublica.co/analisis/jerome-sanabria-3850986/el-golazo-de-petro-a-los-viejos-4169579
La trampa del papá Estado,"Mientras sigamos creyendo que todo se resuelve con más Estado, seguiremos justificando lo injustificable. Y terminamos renunciando a nuestra responsabilidad como individuos y como sociedad",,"Wed, 02 Jul 2025 05:01:25 +0000",https://www.larepublica.co/analisis/camilo-guzman-3193497/la-trampa-del-papa-estado-4169646
"‘Los que quedan’, el nuevo libro de Yolanda Ruiz que da voz a las víctimas del conflicto armado","El ejemplar recopila los dolientes de las víctimas de las distintas violencias y en estos, la autora, encontró los puntos en común de estas vidas",,"Wed, 02 Jul 2025 05:01:25 +0000",https://www.larepublica.co/ocio/los-que-quedan-una-joya-de-la-escritora-colombiana-yolanda-ruiz-sobre-el-conflicto-4169769
El Senado de Estados Unidos aprobó el nuevo proyecto de ley fiscal de Donald Trump,La emblemática legislación económica del presidente extendería los recortes de impuestos dirigidos para empresas y particulares,,"Wed, 02 Jul 2025 05:01:23 +0000",https://www.larepublica.co/globoeconomia/el-senado-de-estados-unidos-aprobo-el-nuevo-proyecto-de-ley-fiscal-de-donald-trump-4169833
Cuatro de cada diez países con menores ingresos viven hoy bajo la pobreza extrema,Esta tendencia es especialmente alarmante en aquellos países afectados por conflictos armados y fenómenos climáticos extremos,,"Wed, 02 Jul 2025 05:01:22 +0000",https://www.larepublica.co/globoeconomia/alrededor-de-40-de-los-paises-de-renta-baja-vive-en-condiciones-de-pobreza-extrema-4169814
"La boda del año del creador de Amazon, Jeff Bezos y Lauren Sánchez en venecia","Bezos, de 61 años, y Sánchez, de 55, intercambiaron anillos en la pequeña isla de San Giorgio, frente a la Plaza de San Marcos",,"Wed, 02 Jul 2025 05:01:16 +0000",https://www.larepublica.co/ocio/la-boda-del-ano-del-creador-de-amazon-jeff-bezos-y-lauren-sanchez-en-venecia-4169729
Alcaldía de Armenia ha recaudado 92 % de meta de impuesto predial,"<p>En cuanto a industria y comercio el recaudo está en el 61 % de lo presupuestado para el año.</p>
<p>El cargo <a href=""https://cronicadelquindio.com/armenia/alcaldia-de-armenia-ha-recaudado-92-de-meta-de-impuesto-predial/"">Alcaldía de Armenia ha recaudado 92 % de meta de impuesto predial</a> apareció primero en <a href=""https://cronicadelquindio.com"">Crónica del Quindio</a>.</p>",José Alejandro Castillo,"Wed, 02 Jul 2025 13:56:35 +0000",https://cronicadelquindio.com/armenia/alcaldia-de-armenia-ha-recaudado-92-de-meta-de-impuesto-predial/
Ferozidades: Vida administrativa,"<p>El cargo <a href=""https://cronicadelquindio.com/opinion/ferozidades/ferozidades-vida-administrativa/"">Ferozidades: Vida administrativa</a> apareció primero en <a href=""https://cronicadelquindio.com"">Crónica del Quindio</a>.</p>",Ferney Vargas,"Wed, 02 Jul 2025 05:00:58 +0000",https://cronicadelquindio.com/opinion/ferozidades/ferozidades-vida-administrativa/
Joven de 21 años de edad se quitó la vida en el norte de Armenia,"<p>Debido al sitio donde se presentó la lamentable situación fue necesario el apoyo de las unidades del Cuerpo Oficial de Bomberos para rescatar el cuerpo.</p>
<p>El cargo <a href=""https://cronicadelquindio.com/judicial/joven-de-21-anos-de-edad-se-quito-la-vida-en-el-norte-de-armenia/"">Joven de 21 años de edad se quitó la vida en el norte de Armenia</a> apareció primero en <a href=""https://cronicadelquindio.com"">Crónica del Quindio</a>.</p>",Diego Fernando Téllez Téllez,"Wed, 02 Jul 2025 05:00:55 +0000",https://cronicadelquindio.com/judicial/joven-de-21-anos-de-edad-se-quito-la-vida-en-el-norte-de-armenia/
Un sentido de unidad y esperanza marcó la conmemoración del aniversario del Quindío,"<p>La Catedral La Inmaculada Concepción fue el escenario central del acto solemne con el que se celebraron los 59 años del departamento. Con un mensaje espiritual del obispo Carlos Arturo Quintero y un llamado institucional a la unidad por parte de la gobernadora encargada Amanda Tangarife, se destacó el compromiso colectivo con el futuro del territorio.</p>
<p>El cargo <a href=""https://cronicadelquindio.com/quindio/un-sentido-de-unidad-y-esperanza-marco-la-conmemoracion-del-aniversario-del-quindio/"">Un sentido de unidad y esperanza marcó la conmemoración del aniversario del Quindío</a> apareció primero en <a href=""https://cronicadelquindio.com"">Crónica del Quindio</a>.</p>",Camilo Jose Zamora,"Wed, 02 Jul 2025 05:00:53 +0000",https://cronicadelquindio.com/quindio/un-sentido-de-unidad-y-esperanza-marco-la-conmemoracion-del-aniversario-del-quindio/
Por eliminatorias esta será la fecha y hora del juego Colombia vs. Bolivia,"<p>La Confederación Suramericana de Fútbol (Conmebol) confirmó que el juego entre la selección Colombia y Bolivia, por la penúltima fecha de las eliminatorias rumbo a la Copa Mundial de la Fifa México-EE.UU.-Canadá 2026 será el jueves 4 de septiembre.</p>
<p>El cargo <a href=""https://cronicadelquindio.com/deporte/por-eliminatorias-esta-sera-la-fecha-y-hora-del-juego-colombia-vs-bolivia/"">Por eliminatorias esta será la fecha y hora del juego Colombia vs. Bolivia</a> apareció primero en <a href=""https://cronicadelquindio.com"">Crónica del Quindio</a>.</p>",Andrés Felipe Ramos Gámez,"Wed, 02 Jul 2025 05:00:46 +0000",https://cronicadelquindio.com/deporte/por-eliminatorias-esta-sera-la-fecha-y-hora-del-juego-colombia-vs-bolivia/
Viajes siniestros,"<p>O son las carreteras, la falta de prevención o de revisión, pero que algo preocupante sucede en nuestras vías, sucede. </p>
<div class=""woocommerce"">
<div class=""woocommerce-info wc-memberships-restriction-message wc-memberships-message wc-memberships-content-restricted-message"">
				Para acceder a este contenido, debe tener una suscripción <span class=""wc-memberships-products-grant-access""><a href=""https://cronicadelquindio.com/producto/impreso-digital/"">Plan Impreso + Digital</a></span>.		    </div>
</p></div>
<p>El cargo <a href=""https://cronicadelquindio.com/opinion/editorial/viajes-siniestros/"">Viajes siniestros</a> apareció primero en <a href=""https://cronicadelquindio.com"">Crónica del Quindio</a>.</p>",La Crónica del Quindío,"Wed, 02 Jul 2025 05:00:45 +0000",https://cronicadelquindio.com/opinion/editorial/viajes-siniestros/
"Las Recetas de Chuchi: legado de sabor, resistencia y tradición ancestral","<p>Más que un proyecto gastronómico es la historia de un hombre que convirtió el dolor y las dificultades en sazón, identidad y comunidad.</p>
<div class=""woocommerce"">
<div class=""woocommerce-info wc-memberships-restriction-message wc-memberships-message wc-memberships-content-restricted-message"">
				Para acceder a este contenido, debe tener una suscripción <span class=""wc-memberships-products-grant-access""><a href=""https://cronicadelquindio.com/producto/impreso-digital/"">Plan Impreso + Digital</a></span>.		    </div>
</p></div>
<p>El cargo <a href=""https://cronicadelquindio.com/actualidad/novedades/por-ejemplo/las-recetas-de-chuchi-legado-de-sabor-resistencia-y-tradicion-ancestral/"">Las Recetas de Chuchi: legado de sabor, resistencia y tradición ancestral</a> apareció primero en <a href=""https://cronicadelquindio.com"">Crónica del Quindio</a>.</p>",Natalia Trujillo Varela,"Wed, 02 Jul 2025 05:00:42 +0000",https://cronicadelquindio.com/actualidad/novedades/por-ejemplo/las-recetas-de-chuchi-legado-de-sabor-resistencia-y-tradicion-ancestral/
Coctelera,"<p>Cóctel informativo: Cumpleaños sin anfitrión, Falta empatía y Llamada post mortem.</p>
<p>El cargo <a href=""https://cronicadelquindio.com/opinion/coctelera/coctelera-260/"">Coctelera</a> apareció primero en <a href=""https://cronicadelquindio.com"">Crónica del Quindio</a>.</p>",La Crónica del Quindío,"Wed, 02 Jul 2025 05:00:42 +0000",https://cronicadelquindio.com/opinion/coctelera/coctelera-260/
Uniquindío será sede de cuarta parada Tour Colombia 2025 de Squash,"<p>La competición se efectuará del 25 al 27 de julio, de acuerdo con la Federación Colombiana de Squash.</p>
<p>El cargo <a href=""https://cronicadelquindio.com/deporte/uniquindio-sera-sede-de-cuarta-parada-tour-colombia-2025-de-squash/"">Uniquindío será sede de cuarta parada Tour Colombia 2025 de Squash</a> apareció primero en <a href=""https://cronicadelquindio.com"">Crónica del Quindio</a>.</p>",Andrés Felipe Ramos Gámez,"Wed, 02 Jul 2025 05:00:41 +0000",https://cronicadelquindio.com/deporte/uniquindio-sera-sede-de-cuarta-parada-tour-colombia-2025-de-squash/
"¿Sabías qué?, plátano y banano son los cultivos frutales con mas presencia en Quindío","<p>A propósito de Día Internacional de la Fruta, La Crónica del Quindío preguntó cuáles son los productos que más se cultivan en el departamento y cuáles son los más representativos en este segmento.  </p>
<p>El cargo <a href=""https://cronicadelquindio.com/actualidad/economia/sabias-que-platano-y-banano-son-los-cultivos-frutales-con-mas-presencia-en-quindio/"">¿Sabías qué?, plátano y banano son los cultivos frutales con mas presencia en Quindío</a> apareció primero en <a href=""https://cronicadelquindio.com"">Crónica del Quindio</a>.</p>",Sara Samanta Arango,"Wed, 02 Jul 2025 05:00:37 +0000",https://cronicadelquindio.com/actualidad/economia/sabias-que-platano-y-banano-son-los-cultivos-frutales-con-mas-presencia-en-quindio/
Un mundo de desperdicios,"<p>En el 2018, la contaminación atmosférica causó la muerte de 8,7 millones de personas en todo el mundo, mientras el tabaquismo causa ocho (8) millones. </p>
<p>El cargo <a href=""https://cronicadelquindio.com/opinion/columnistas/un-mundo-de-desperdicios/"">Un mundo de desperdicios</a> apareció primero en <a href=""https://cronicadelquindio.com"">Crónica del Quindio</a>.</p>",John Elvis Vera Suárez,"Wed, 02 Jul 2025 05:00:36 +0000",https://cronicadelquindio.com/opinion/columnistas/un-mundo-de-desperdicios/
Señales de peligro,"<p>Para comprender la fatídica ruta histórica que estamos transitando en Colombia, es ineludible recordar el paso a paso de Venezuela a manos de Hugo Chávez en el arranque de siglo, cumpliendo el objetivo anunciado de hacer añicos su país. Cuando en la ceremonia de posesión, rodeado de entusiastas zurdos de todo el orbe, juró el cargo, lo hizo sobre “la moribunda constitución” vigente, según su exacta expresión. </p>
<p>El cargo <a href=""https://cronicadelquindio.com/opinion/columnistas/senales-de-peligro/"">Señales de peligro</a> apareció primero en <a href=""https://cronicadelquindio.com"">Crónica del Quindio</a>.</p>",Hugo Hernán Aparicio Reyes,"Wed, 02 Jul 2025 05:00:27 +0000",https://cronicadelquindio.com/opinion/columnistas/senales-de-peligro/
Enfermedades por parásitos en alimentos; se requieren medidas urgentes,"<p> El doctor Jorge Enrique Gómez Marín, director del Centro de Investigaciones Biomédicas de la Universidad del Quindío, manifestó que en los laboratorios de salud pública solo se identifica el 20 % de los organismos que producen las afecciones.</p>
<p>El cargo <a href=""https://cronicadelquindio.com/armenia/enfermedades-por-parasitos-en-alimentos-se-requieren-medidas-urgentes/"">Enfermedades por parásitos en alimentos; se requieren medidas urgentes</a> apareció primero en <a href=""https://cronicadelquindio.com"">Crónica del Quindio</a>.</p>",José Alejandro Castillo,"Wed, 02 Jul 2025 05:00:27 +0000",https://cronicadelquindio.com/armenia/enfermedades-por-parasitos-en-alimentos-se-requieren-medidas-urgentes/
«Veinticuatro horas en la vida de una mujer»,"<p>Por fin ha caído en mis manos una obra de Stefan Zweig, un autor del que había oído maravillas sobre su fluida y precisa escritura.</p>
<p>El cargo <a href=""https://cronicadelquindio.com/opinion/columnistas/veinticuatro-horas-en-la-vida-de-una-mujer/"">«Veinticuatro horas en la vida de una mujer»</a> apareció primero en <a href=""https://cronicadelquindio.com"">Crónica del Quindio</a>.</p>",Mauricio Hernández,"Wed, 02 Jul 2025 05:00:21 +0000",https://cronicadelquindio.com/opinion/columnistas/veinticuatro-horas-en-la-vida-de-una-mujer/
Capturada mujer por agredir y amenazar a su progenitora,"<p>Capturada en flagrancia a mujer en el barrio La Cecilia de Armenia por violencia intrafamiliar.</p>
<p>El cargo <a href=""https://cronicadelquindio.com/judicial/capturada-mujer-por-agredir-y-amenazar-a-su-progenitora/"">Capturada mujer por agredir y amenazar a su progenitora</a> apareció primero en <a href=""https://cronicadelquindio.com"">Crónica del Quindio</a>.</p>",Diego Fernando Téllez Téllez,"Wed, 02 Jul 2025 05:00:19 +0000",https://cronicadelquindio.com/judicial/capturada-mujer-por-agredir-y-amenazar-a-su-progenitora/
Comienza la Ruta del Abasto para Transformar el Agro,"No hay desarrollo posible sin conocimiento. Por eso, uno de los componentes centrales de la Ruta del Abasto es la formación del talento humano que requiere el campo del siglo XXI.",Ximena Giraldo,"Wed, 02 Jul 2025 10:19:32 +0000",https://www.eje21.com.co/2025/07/comienza-la-ruta-del-abasto-para-transformar-el-agro/
Un chorro de babas,"Quizás para el pueblo que el presidente convoca cada que las normas constitucionales le encierran sus arrebatos, las opiniones emitidas por estas tres entidades valen huevo. Pero para la triste realidad colombiana son un desastre.",Ximena Giraldo,"Wed, 02 Jul 2025 10:03:39 +0000",https://www.eje21.com.co/2025/07/un-chorro-de-babas/
Colombia rezagada,"El rezago colombiano no es solo cíclico, sino estructural. La inversión privada cayó 7,7% en 2023, no da señales de recuperación sostenida.",Ximena Giraldo,"Wed, 02 Jul 2025 10:00:30 +0000",https://www.eje21.com.co/2025/07/colombia-rezagada/
"Argentina y Colombia completan la clasificación para cuartos, que solo espera a los cruces","El certamen culminará los partidos por zonas este miércoles para definir los cruces de la siguiente etapa con las posiciones finales en cada grupo y comenzar los duelos directos el viernes, tras una fecha de descanso.",Ximena Giraldo,"Wed, 02 Jul 2025 09:58:47 +0000",https://www.eje21.com.co/2025/07/argentina-y-colombia-completan-la-clasificacion-para-cuartos-que-solo-espera-a-los-cruces/
La Fiscalía indaga sobre la presunta trama de excanciller colombiano para derrocar a Petro,"""Todas las personas que (Leyva) nombra allí, de las cuales yo no sé si lo que él cuenta es verdad o no, pues deben dar explicaciones y no solamente políticas públicas, sino ante la justicia"", dijo el presidente.",Ximena Giraldo,"Wed, 02 Jul 2025 09:51:51 +0000",https://www.eje21.com.co/2025/07/la-fiscalia-indaga-sobre-la-presunta-trama-de-excanciller-colombiano-para-derrocar-a-petro/
Hallan en fosa común ocho cuerpos de líderes sociales y religiosos asesinados en Colombia,"Estas personas supuestamente fueron citadas por integrantes del frente Armando Ríos de las disidencias de las FARC ""por sospecha de la posible creación de una célula"" de la guerrilla del Ejército de Liberación Nacional (ELN) en la zona, agregó la información.",Ximena Giraldo,"Wed, 02 Jul 2025 09:49:17 +0000",https://www.eje21.com.co/2025/07/hallan-en-fosa-comun-ocho-cuerpos-de-lideres-sociales-y-religiosos-asesinados-en-colombia/
La Procuraduría pide investigar un supuesto plan para sacar a Petro del poder,"La Procuraduría colombiana pidió este martes una investigación que permita establecer quiénes son los ""eventuales responsables"" de una supuesta trama encabezada por el excanciller Álvaro Leyva para buscar apoyo en círculos republicanos de Estados Unidos y sacar del poder al presidente Gustavo Petro.",Juan Sebastián Giraldo,"Tue, 01 Jul 2025 23:40:07 +0000",https://www.eje21.com.co/2025/07/la-procuraduria-pide-investigar-un-supuesto-plan-para-sacar-a-petro-del-poder/
El extremo venezolano Jhon Murillo reforzará el ataque del América de Cali,"El extremo venezolano Jhon Murillo, de 29 años, fue anunciado este martes como nuevo refuerzo del América de Cali, club con el que disputará este mes la repesca de la Copa Sudamericana ante el Bahía y la liga colombiana, informaron los Diablos Rojos.",Juan Sebastián Giraldo,"Tue, 01 Jul 2025 23:34:34 +0000",https://www.eje21.com.co/2025/07/el-extremo-venezolano-jhon-murillo-reforzara-el-ataque-del-america-de-cali/
Gobierno colombiano frena extradición a EE.UU. de jefe disidente de FARC que negocia paz,"El Gobierno colombiano suspendió indefinidamente la extradición del cabecilla de las disidencias de las FARC Willinton Henao Gutiérrez, alias 'Mocho Olmedo', por hacer parte de una mesa de diálogos de paz entre el Ejecutivo y esa facción armada.",Juan Sebastián Giraldo,"Tue, 01 Jul 2025 23:31:13 +0000",https://www.eje21.com.co/2025/07/gobierno-colombiano-frena-extradicion-a-ee-uu-de-jefe-disidente-de-farc-que-negocia-paz/
Lucho Herrera dice que pagó a paramilitares para que no lo involucraran en desapariciones,"El exciclista colombiano Luis 'Lucho' Herrera admitió que pagó diez millones de pesos (unos 2.482 dólares) en 2016 a paramilitares para que lo sacaran del caso en el que está vinculado por la presunta desaparición forzada de cuatro personas ocurrida en 2002 en Fusagasugá (centro), ciudad de la que es oriundo.",Juan Sebastián Giraldo,"Tue, 01 Jul 2025 23:28:00 +0000",https://www.eje21.com.co/2025/07/lucho-herrera-dice-que-pago-a-paramilitares-para-que-no-lo-involucraran-en-desapariciones/
Congresista Saray Robayo pide publicar entrevista con Emilio Tapia,"<figure><img width=""1024"" height=""768"" src=""https://i0.wp.com/www.lasillavacia.com/wp-content/uploads/2025/06/saray_robayo_emilio_tapia-1.jpg?fit=1024%2C768&amp;ssl=1"" class=""attachment-rss-image-size size-rss-image-size wp-post-image"" alt=""La representante Saray Robayo y el confeso corrupto Emilio Tapia"" decoding=""async"" fetchpriority=""high"" srcset=""https://i0.wp.com/www.lasillavacia.com/wp-content/uploads/2025/06/saray_robayo_emilio_tapia-1.jpg?w=1200&amp;ssl=1 1200w, https://i0.wp.com/www.lasillavacia.com/wp-content/uploads/2025/06/saray_robayo_emilio_tapia-1.jpg?resize=300%2C225&amp;ssl=1 300w, https://i0.wp.com/www.lasillavacia.com/wp-content/uploads/2025/06/saray_robayo_emilio_tapia-1.jpg?resize=1024%2C768&amp;ssl=1 1024w, https://i0.wp.com/www.lasillavacia.com/wp-content/uploads/2025/06/saray_robayo_emilio_tapia-1.jpg?resize=768%2C576&amp;ssl=1 768w, https://i0.wp.com/www.lasillavacia.com/wp-content/uploads/2025/06/saray_robayo_emilio_tapia-1.jpg?resize=100%2C75&amp;ssl=1 100w, https://i0.wp.com/www.lasillavacia.com/wp-content/uploads/2025/06/saray_robayo_emilio_tapia-1.jpg?resize=800%2C600&amp;ssl=1 800w, https://i0.wp.com/www.lasillavacia.com/wp-content/uploads/2025/06/saray_robayo_emilio_tapia-1.jpg?resize=600%2C450&amp;ssl=1 600w, https://i0.wp.com/www.lasillavacia.com/wp-content/uploads/2025/06/saray_robayo_emilio_tapia-1.jpg?resize=400%2C300&amp;ssl=1 400w, https://i0.wp.com/www.lasillavacia.com/wp-content/uploads/2025/06/saray_robayo_emilio_tapia-1.jpg?resize=200%2C150&amp;ssl=1 200w, https://i0.wp.com/www.lasillavacia.com/wp-content/uploads/2025/06/saray_robayo_emilio_tapia-1.jpg?resize=780%2C585&amp;ssl=1 780w, https://i0.wp.com/www.lasillavacia.com/wp-content/uploads/2025/06/saray_robayo_emilio_tapia-1.jpg?resize=706%2C530&amp;ssl=1 706w, https://i0.wp.com/www.lasillavacia.com/wp-content/uploads/2025/06/saray_robayo_emilio_tapia-1.jpg?fit=1024%2C768&amp;ssl=1&amp;w=370 370w"" sizes=""(max-width: 34.9rem) calc(100vw - 2rem), (max-width: 53rem) calc(8 * (100vw / 12)), (min-width: 53rem) calc(6 * (100vw / 12)), 100vw"" /></figure>
<p>En una carta a la presentadora Eva Rey, la representante de La U dice que no publicar su entrevista es “censura”. Previamente, había dicho que fue un error hablar en público.</p>
<p>The post <a href=""https://www.lasillavacia.com/en-vivo/congresista-saray-robayo-pide-publicar-entrevista-con-emilio-tapia/"">Congresista Saray Robayo pide publicar entrevista con Emilio Tapia</a> appeared first on <a href=""https://www.lasillavacia.com"">La Silla Vacía</a>.</p>",La Silla Vacía,"Wed, 02 Jul 2025 15:07:54 +0000",https://www.lasillavacia.com/en-vivo/congresista-saray-robayo-pide-publicar-entrevista-con-emilio-tapia/
"Miguel Uribe sigue en estado crítico, contrario a lo que dice Saade","<figure><img width=""1024"" height=""768"" src=""https://i0.wp.com/www.lasillavacia.com/wp-content/uploads/2025/06/Miguel-Uribe.jpg?fit=1024%2C768&amp;ssl=1"" class=""attachment-rss-image-size size-rss-image-size wp-post-image"" alt="""" decoding=""async"" srcset=""https://i0.wp.com/www.lasillavacia.com/wp-content/uploads/2025/06/Miguel-Uribe.jpg?w=1200&amp;ssl=1 1200w, https://i0.wp.com/www.lasillavacia.com/wp-content/uploads/2025/06/Miguel-Uribe.jpg?resize=300%2C225&amp;ssl=1 300w, https://i0.wp.com/www.lasillavacia.com/wp-content/uploads/2025/06/Miguel-Uribe.jpg?resize=1024%2C768&amp;ssl=1 1024w, https://i0.wp.com/www.lasillavacia.com/wp-content/uploads/2025/06/Miguel-Uribe.jpg?resize=768%2C576&amp;ssl=1 768w, https://i0.wp.com/www.lasillavacia.com/wp-content/uploads/2025/06/Miguel-Uribe.jpg?resize=100%2C75&amp;ssl=1 100w, https://i0.wp.com/www.lasillavacia.com/wp-content/uploads/2025/06/Miguel-Uribe.jpg?resize=800%2C600&amp;ssl=1 800w, https://i0.wp.com/www.lasillavacia.com/wp-content/uploads/2025/06/Miguel-Uribe.jpg?resize=600%2C450&amp;ssl=1 600w, https://i0.wp.com/www.lasillavacia.com/wp-content/uploads/2025/06/Miguel-Uribe.jpg?resize=400%2C300&amp;ssl=1 400w, https://i0.wp.com/www.lasillavacia.com/wp-content/uploads/2025/06/Miguel-Uribe.jpg?resize=200%2C150&amp;ssl=1 200w, https://i0.wp.com/www.lasillavacia.com/wp-content/uploads/2025/06/Miguel-Uribe.jpg?resize=780%2C585&amp;ssl=1 780w, https://i0.wp.com/www.lasillavacia.com/wp-content/uploads/2025/06/Miguel-Uribe.jpg?resize=706%2C530&amp;ssl=1 706w, https://i0.wp.com/www.lasillavacia.com/wp-content/uploads/2025/06/Miguel-Uribe.jpg?fit=1024%2C768&amp;ssl=1&amp;w=370 370w"" sizes=""(max-width: 34.9rem) calc(100vw - 2rem), (max-width: 53rem) calc(8 * (100vw / 12)), (min-width: 53rem) calc(6 * (100vw / 12)), 100vw"" /></figure>
<p>No hay registros que confirmen la información. Su hermana afirmó que “ha tenido una evolución maravillosa”, sin que eso signifique que esté recuperado.</p>
<p>The post <a href=""https://www.lasillavacia.com/en-vivo/miguel-uribe-sigue-en-estado-critico-contrario-a-lo-que-dice-saade/"">Miguel Uribe sigue en estado crítico, contrario a lo que dice Saade</a> appeared first on <a href=""https://www.lasillavacia.com"">La Silla Vacía</a>.</p>",La Silla Vacía,"Wed, 02 Jul 2025 15:01:08 +0000",https://www.lasillavacia.com/en-vivo/miguel-uribe-sigue-en-estado-critico-contrario-a-lo-que-dice-saade/
"Cepeda, a indagación previa por votación de la consulta popular","<figure><img width=""1024"" height=""768"" src=""https://i0.wp.com/www.lasillavacia.com/wp-content/uploads/2024/06/Efrain-Cepeda-Conservador.png?fit=1024%2C768&amp;ssl=1"" class=""attachment-rss-image-size size-rss-image-size wp-post-image"" alt="""" decoding=""async"" srcset=""https://i0.wp.com/www.lasillavacia.com/wp-content/uploads/2024/06/Efrain-Cepeda-Conservador.png?w=1200&amp;ssl=1 1200w, https://i0.wp.com/www.lasillavacia.com/wp-content/uploads/2024/06/Efrain-Cepeda-Conservador.png?resize=300%2C225&amp;ssl=1 300w, https://i0.wp.com/www.lasillavacia.com/wp-content/uploads/2024/06/Efrain-Cepeda-Conservador.png?resize=1024%2C768&amp;ssl=1 1024w, https://i0.wp.com/www.lasillavacia.com/wp-content/uploads/2024/06/Efrain-Cepeda-Conservador.png?resize=768%2C576&amp;ssl=1 768w, https://i0.wp.com/www.lasillavacia.com/wp-content/uploads/2024/06/Efrain-Cepeda-Conservador.png?resize=100%2C75&amp;ssl=1 100w, https://i0.wp.com/www.lasillavacia.com/wp-content/uploads/2024/06/Efrain-Cepeda-Conservador.png?resize=800%2C600&amp;ssl=1 800w, https://i0.wp.com/www.lasillavacia.com/wp-content/uploads/2024/06/Efrain-Cepeda-Conservador.png?resize=600%2C450&amp;ssl=1 600w, https://i0.wp.com/www.lasillavacia.com/wp-content/uploads/2024/06/Efrain-Cepeda-Conservador.png?resize=400%2C300&amp;ssl=1 400w, https://i0.wp.com/www.lasillavacia.com/wp-content/uploads/2024/06/Efrain-Cepeda-Conservador.png?resize=200%2C150&amp;ssl=1 200w, https://i0.wp.com/www.lasillavacia.com/wp-content/uploads/2024/06/Efrain-Cepeda-Conservador.png?resize=706%2C530&amp;ssl=1 706w, https://i0.wp.com/www.lasillavacia.com/wp-content/uploads/2024/06/Efrain-Cepeda-Conservador.png?fit=1024%2C768&amp;ssl=1&amp;w=370 370w"" sizes=""(max-width: 34.9rem) calc(100vw - 2rem), (max-width: 53rem) calc(8 * (100vw / 12)), (min-width: 53rem) calc(6 * (100vw / 12)), 100vw"" /></figure>
<p>Es señalado de posibles delitos contra la participación democrática, por lo que algunos califican como un cierre arbitrario de la votación y el cambio de voto del senador Edgar Díaz.</p>
<p>The post <a href=""https://www.lasillavacia.com/en-vivo/cepeda-a-indagacion-previa-por-votacion-de-la-consulta-popular/"">Cepeda, a indagación previa por votación de la consulta popular</a> appeared first on <a href=""https://www.lasillavacia.com"">La Silla Vacía</a>.</p>",La Silla Vacía,"Wed, 02 Jul 2025 14:54:41 +0000",https://www.lasillavacia.com/en-vivo/cepeda-a-indagacion-previa-por-votacion-de-la-consulta-popular/
La Silla Vacía no dijo que Petro se reunió con alias “Fito”,"<figure><img width=""1024"" height=""768"" src=""https://i0.wp.com/www.lasillavacia.com/wp-content/uploads/2025/03/La-Silla-En-Vivo.jpg?fit=1024%2C768&amp;ssl=1"" class=""attachment-rss-image-size size-rss-image-size wp-post-image"" alt="""" decoding=""async"" srcset=""https://i0.wp.com/www.lasillavacia.com/wp-content/uploads/2025/03/La-Silla-En-Vivo.jpg?w=1200&amp;ssl=1 1200w, https://i0.wp.com/www.lasillavacia.com/wp-content/uploads/2025/03/La-Silla-En-Vivo.jpg?resize=300%2C225&amp;ssl=1 300w, https://i0.wp.com/www.lasillavacia.com/wp-content/uploads/2025/03/La-Silla-En-Vivo.jpg?resize=1024%2C768&amp;ssl=1 1024w, https://i0.wp.com/www.lasillavacia.com/wp-content/uploads/2025/03/La-Silla-En-Vivo.jpg?resize=768%2C576&amp;ssl=1 768w, https://i0.wp.com/www.lasillavacia.com/wp-content/uploads/2025/03/La-Silla-En-Vivo.jpg?resize=100%2C75&amp;ssl=1 100w, https://i0.wp.com/www.lasillavacia.com/wp-content/uploads/2025/03/La-Silla-En-Vivo.jpg?resize=800%2C600&amp;ssl=1 800w, https://i0.wp.com/www.lasillavacia.com/wp-content/uploads/2025/03/La-Silla-En-Vivo.jpg?resize=600%2C450&amp;ssl=1 600w, https://i0.wp.com/www.lasillavacia.com/wp-content/uploads/2025/03/La-Silla-En-Vivo.jpg?resize=400%2C300&amp;ssl=1 400w, https://i0.wp.com/www.lasillavacia.com/wp-content/uploads/2025/03/La-Silla-En-Vivo.jpg?resize=200%2C150&amp;ssl=1 200w, https://i0.wp.com/www.lasillavacia.com/wp-content/uploads/2025/03/La-Silla-En-Vivo.jpg?resize=706%2C530&amp;ssl=1 706w, https://i0.wp.com/www.lasillavacia.com/wp-content/uploads/2025/03/La-Silla-En-Vivo.jpg?fit=1024%2C768&amp;ssl=1&amp;w=370 370w"" sizes=""(max-width: 34.9rem) calc(100vw - 2rem), (max-width: 53rem) calc(8 * (100vw / 12)), (min-width: 53rem) calc(6 * (100vw / 12)), 100vw"" /></figure>
<p>El sistema de medios públicos Rtvc dijo en una nota que el presidente “desmintió” a este medio. Eso es falso. La Silla nunca ha publicado tal señalamiento.</p>
<p>The post <a href=""https://www.lasillavacia.com/en-vivo/la-silla-vacia-no-dijo-que-petro-se-reunio-con-alias-fito/"">La Silla Vacía no dijo que Petro se reunió con alias “Fito”</a> appeared first on <a href=""https://www.lasillavacia.com"">La Silla Vacía</a>.</p>",La Silla Vacía,"Wed, 02 Jul 2025 14:08:10 +0000",https://www.lasillavacia.com/en-vivo/la-silla-vacia-no-dijo-que-petro-se-reunio-con-alias-fito/
Leyva no actuó solo: Petro une intento de golpe con junta del narcotráfico,"<figure><img width=""1024"" height=""768"" src=""https://i0.wp.com/www.lasillavacia.com/wp-content/uploads/2023/12/Petro_Leyva_20231120.jpg?fit=1024%2C768&amp;ssl=1"" class=""attachment-rss-image-size size-rss-image-size wp-post-image"" alt="""" decoding=""async"" srcset=""https://i0.wp.com/www.lasillavacia.com/wp-content/uploads/2023/12/Petro_Leyva_20231120.jpg?w=1200&amp;ssl=1 1200w, https://i0.wp.com/www.lasillavacia.com/wp-content/uploads/2023/12/Petro_Leyva_20231120.jpg?resize=300%2C225&amp;ssl=1 300w, https://i0.wp.com/www.lasillavacia.com/wp-content/uploads/2023/12/Petro_Leyva_20231120.jpg?resize=1024%2C768&amp;ssl=1 1024w, https://i0.wp.com/www.lasillavacia.com/wp-content/uploads/2023/12/Petro_Leyva_20231120.jpg?resize=768%2C576&amp;ssl=1 768w, https://i0.wp.com/www.lasillavacia.com/wp-content/uploads/2023/12/Petro_Leyva_20231120.jpg?resize=100%2C75&amp;ssl=1 100w, https://i0.wp.com/www.lasillavacia.com/wp-content/uploads/2023/12/Petro_Leyva_20231120.jpg?resize=800%2C600&amp;ssl=1 800w, https://i0.wp.com/www.lasillavacia.com/wp-content/uploads/2023/12/Petro_Leyva_20231120.jpg?resize=600%2C450&amp;ssl=1 600w, https://i0.wp.com/www.lasillavacia.com/wp-content/uploads/2023/12/Petro_Leyva_20231120.jpg?resize=400%2C300&amp;ssl=1 400w, https://i0.wp.com/www.lasillavacia.com/wp-content/uploads/2023/12/Petro_Leyva_20231120.jpg?resize=200%2C150&amp;ssl=1 200w, https://i0.wp.com/www.lasillavacia.com/wp-content/uploads/2023/12/Petro_Leyva_20231120.jpg?resize=706%2C530&amp;ssl=1 706w, https://i0.wp.com/www.lasillavacia.com/wp-content/uploads/2023/12/Petro_Leyva_20231120.jpg?fit=1024%2C768&amp;ssl=1&amp;w=370 370w"" sizes=""(max-width: 34.9rem) calc(100vw - 2rem), (max-width: 53rem) calc(8 * (100vw / 12)), (min-width: 53rem) calc(6 * (100vw / 12)), 100vw"" /></figure>
<p>“Hay muchas coincidencias como para pensar que es un lunático hablando solo”, dijo el presidente. Señaló que al plan de su excanciller le “copió” el Clan del Golfo.</p>
<p>The post <a href=""https://www.lasillavacia.com/en-vivo/leyva-no-actuo-solo-petro-une-intento-de-golpe-con-junta-del-narcotrafico/"">Leyva no actuó solo: Petro une intento de golpe con junta del narcotráfico</a> appeared first on <a href=""https://www.lasillavacia.com"">La Silla Vacía</a>.</p>",La Silla Vacía,"Wed, 02 Jul 2025 13:40:16 +0000",https://www.lasillavacia.com/en-vivo/leyva-no-actuo-solo-petro-une-intento-de-golpe-con-junta-del-narcotrafico/
Procuraduría investiga a director de la UNP por seguridad de líderes,"<figure><img width=""1024"" height=""768"" src=""https://i0.wp.com/www.lasillavacia.com/wp-content/uploads/2024/09/Diseno-sin-titulo-4-2.png?fit=1024%2C768&amp;ssl=1"" class=""attachment-rss-image-size size-rss-image-size wp-post-image"" alt=""Augusto Rodríguez"" decoding=""async"" srcset=""https://i0.wp.com/www.lasillavacia.com/wp-content/uploads/2024/09/Diseno-sin-titulo-4-2.png?w=1200&amp;ssl=1 1200w, https://i0.wp.com/www.lasillavacia.com/wp-content/uploads/2024/09/Diseno-sin-titulo-4-2.png?resize=300%2C225&amp;ssl=1 300w, https://i0.wp.com/www.lasillavacia.com/wp-content/uploads/2024/09/Diseno-sin-titulo-4-2.png?resize=1024%2C768&amp;ssl=1 1024w, https://i0.wp.com/www.lasillavacia.com/wp-content/uploads/2024/09/Diseno-sin-titulo-4-2.png?resize=768%2C576&amp;ssl=1 768w, https://i0.wp.com/www.lasillavacia.com/wp-content/uploads/2024/09/Diseno-sin-titulo-4-2.png?resize=100%2C75&amp;ssl=1 100w, https://i0.wp.com/www.lasillavacia.com/wp-content/uploads/2024/09/Diseno-sin-titulo-4-2.png?resize=800%2C600&amp;ssl=1 800w, https://i0.wp.com/www.lasillavacia.com/wp-content/uploads/2024/09/Diseno-sin-titulo-4-2.png?resize=600%2C450&amp;ssl=1 600w, https://i0.wp.com/www.lasillavacia.com/wp-content/uploads/2024/09/Diseno-sin-titulo-4-2.png?resize=400%2C300&amp;ssl=1 400w, https://i0.wp.com/www.lasillavacia.com/wp-content/uploads/2024/09/Diseno-sin-titulo-4-2.png?resize=200%2C150&amp;ssl=1 200w, https://i0.wp.com/www.lasillavacia.com/wp-content/uploads/2024/09/Diseno-sin-titulo-4-2.png?resize=706%2C530&amp;ssl=1 706w, https://i0.wp.com/www.lasillavacia.com/wp-content/uploads/2024/09/Diseno-sin-titulo-4-2.png?fit=1024%2C768&amp;ssl=1&amp;w=370 370w"" sizes=""(max-width: 34.9rem) calc(100vw - 2rem), (max-width: 53rem) calc(8 * (100vw / 12)), (min-width: 53rem) calc(6 * (100vw / 12)), 100vw"" /></figure>
<p>El proceso también se centra en irregularidades en la reubicación de agentes de protección en funciones administrativas.</p>
<p>The post <a href=""https://www.lasillavacia.com/en-vivo/procuraduria-investiga-a-director-de-la-unp-por-seguridad-de-lideres/"">Procuraduría investiga a director de la UNP por seguridad de líderes</a> appeared first on <a href=""https://www.lasillavacia.com"">La Silla Vacía</a>.</p>",La Silla Vacía,"Wed, 02 Jul 2025 13:23:28 +0000",https://www.lasillavacia.com/en-vivo/procuraduria-investiga-a-director-de-la-unp-por-seguridad-de-lideres/
Desayune informado con las noticias de este 2 de julio de 2025,"<figure><img width=""1024"" height=""768"" src=""https://i0.wp.com/www.lasillavacia.com/wp-content/uploads/2025/02/EnVivo.jpg?fit=1024%2C768&amp;ssl=1"" class=""attachment-rss-image-size size-rss-image-size wp-post-image"" alt="""" decoding=""async"" srcset=""https://i0.wp.com/www.lasillavacia.com/wp-content/uploads/2025/02/EnVivo.jpg?w=1200&amp;ssl=1 1200w, https://i0.wp.com/www.lasillavacia.com/wp-content/uploads/2025/02/EnVivo.jpg?resize=300%2C225&amp;ssl=1 300w, https://i0.wp.com/www.lasillavacia.com/wp-content/uploads/2025/02/EnVivo.jpg?resize=1024%2C768&amp;ssl=1 1024w, https://i0.wp.com/www.lasillavacia.com/wp-content/uploads/2025/02/EnVivo.jpg?resize=768%2C576&amp;ssl=1 768w, https://i0.wp.com/www.lasillavacia.com/wp-content/uploads/2025/02/EnVivo.jpg?resize=100%2C75&amp;ssl=1 100w, https://i0.wp.com/www.lasillavacia.com/wp-content/uploads/2025/02/EnVivo.jpg?resize=800%2C600&amp;ssl=1 800w, https://i0.wp.com/www.lasillavacia.com/wp-content/uploads/2025/02/EnVivo.jpg?resize=600%2C450&amp;ssl=1 600w, https://i0.wp.com/www.lasillavacia.com/wp-content/uploads/2025/02/EnVivo.jpg?resize=400%2C300&amp;ssl=1 400w, https://i0.wp.com/www.lasillavacia.com/wp-content/uploads/2025/02/EnVivo.jpg?resize=200%2C150&amp;ssl=1 200w, https://i0.wp.com/www.lasillavacia.com/wp-content/uploads/2025/02/EnVivo.jpg?resize=706%2C530&amp;ssl=1 706w, https://i0.wp.com/www.lasillavacia.com/wp-content/uploads/2025/02/EnVivo.jpg?fit=1024%2C768&amp;ssl=1&amp;w=370 370w"" sizes=""(max-width: 34.9rem) calc(100vw - 2rem), (max-width: 53rem) calc(8 * (100vw / 12)), (min-width: 53rem) calc(6 * (100vw / 12)), 100vw"" /></figure>
<p>Hoy abrimos con una historia sobre los audios de Álvaro Leyva que, lejos de quedar en el olvido, generan nuevas tensiones políticas.</p>
<p>The post <a href=""https://www.lasillavacia.com/en-vivo/desayune-informado-con-las-noticias-de-este-2-de-julio-de-2025/"">Desayune informado con las noticias de este 2 de julio de 2025</a> appeared first on <a href=""https://www.lasillavacia.com"">La Silla Vacía</a>.</p>",La Silla Vacía,"Wed, 02 Jul 2025 12:35:19 +0000",https://www.lasillavacia.com/en-vivo/desayune-informado-con-las-noticias-de-este-2-de-julio-de-2025/
Las mujeres pagan más por créditos y deudas en Colombia,"<figure><img width=""1024"" height=""766"" src=""https://i0.wp.com/www.lasillavacia.com/wp-content/uploads/2025/07/mujeres-finanzas-bancos-afros.jpg?fit=1024%2C766&amp;ssl=1"" class=""attachment-rss-image-size size-rss-image-size wp-post-image"" alt=""mujeres-finanzas-bancos-afros"" decoding=""async"" srcset=""https://i0.wp.com/www.lasillavacia.com/wp-content/uploads/2025/07/mujeres-finanzas-bancos-afros.jpg?w=1252&amp;ssl=1 1252w, https://i0.wp.com/www.lasillavacia.com/wp-content/uploads/2025/07/mujeres-finanzas-bancos-afros.jpg?resize=300%2C224&amp;ssl=1 300w, https://i0.wp.com/www.lasillavacia.com/wp-content/uploads/2025/07/mujeres-finanzas-bancos-afros.jpg?resize=1024%2C766&amp;ssl=1 1024w, https://i0.wp.com/www.lasillavacia.com/wp-content/uploads/2025/07/mujeres-finanzas-bancos-afros.jpg?resize=768%2C574&amp;ssl=1 768w, https://i0.wp.com/www.lasillavacia.com/wp-content/uploads/2025/07/mujeres-finanzas-bancos-afros.jpg?resize=100%2C75&amp;ssl=1 100w, https://i0.wp.com/www.lasillavacia.com/wp-content/uploads/2025/07/mujeres-finanzas-bancos-afros.jpg?resize=600%2C450&amp;ssl=1 600w, https://i0.wp.com/www.lasillavacia.com/wp-content/uploads/2025/07/mujeres-finanzas-bancos-afros.jpg?resize=400%2C299&amp;ssl=1 400w, https://i0.wp.com/www.lasillavacia.com/wp-content/uploads/2025/07/mujeres-finanzas-bancos-afros.jpg?resize=200%2C150&amp;ssl=1 200w, https://i0.wp.com/www.lasillavacia.com/wp-content/uploads/2025/07/mujeres-finanzas-bancos-afros.jpg?resize=1200%2C897&amp;ssl=1 1200w, https://i0.wp.com/www.lasillavacia.com/wp-content/uploads/2025/07/mujeres-finanzas-bancos-afros.jpg?resize=780%2C583&amp;ssl=1 780w, https://i0.wp.com/www.lasillavacia.com/wp-content/uploads/2025/07/mujeres-finanzas-bancos-afros.jpg?resize=706%2C528&amp;ssl=1 706w, https://i0.wp.com/www.lasillavacia.com/wp-content/uploads/2025/07/mujeres-finanzas-bancos-afros.jpg?fit=1024%2C766&amp;ssl=1&amp;w=370 370w"" sizes=""(max-width: 34.9rem) calc(100vw - 2rem), (max-width: 53rem) calc(8 * (100vw / 12)), (min-width: 53rem) calc(6 * (100vw / 12)), 100vw"" /></figure>
<p>Hoy en el podcast, Huevos Revueltos con Política, analizamos lo que está pasando con el área financiera para las mujeres en Colombia.</p>
<p>The post <a href=""https://www.lasillavacia.com/podcasts/huevos-revueltos-con-politica/las-mujeres-pagan-mas-por-creditos-y-deudas-en-colombia/"">Las mujeres pagan más por créditos y deudas en Colombia</a> appeared first on <a href=""https://www.lasillavacia.com"">La Silla Vacía</a>.</p>","Tatiana Duque, Pablo Manrique-Juana Rubio Tovar","Wed, 02 Jul 2025 12:10:46 +0000",https://www.lasillavacia.com/podcasts/huevos-revueltos-con-politica/las-mujeres-pagan-mas-por-creditos-y-deudas-en-colombia/
Coletazos políticos de los audios de Leyva buscando tumbar a Petro,"<figure><img width=""1024"" height=""768"" src=""https://i0.wp.com/www.lasillavacia.com/wp-content/uploads/2025/04/Gustavo-Petro-y-Alvaro-Leyva-1.jpg?fit=1024%2C768&amp;ssl=1"" class=""attachment-rss-image-size size-rss-image-size wp-post-image"" alt=""Gustavo Petro y Álvaro Leyva (1)"" decoding=""async"" srcset=""https://i0.wp.com/www.lasillavacia.com/wp-content/uploads/2025/04/Gustavo-Petro-y-Alvaro-Leyva-1.jpg?w=1200&amp;ssl=1 1200w, https://i0.wp.com/www.lasillavacia.com/wp-content/uploads/2025/04/Gustavo-Petro-y-Alvaro-Leyva-1.jpg?resize=300%2C225&amp;ssl=1 300w, https://i0.wp.com/www.lasillavacia.com/wp-content/uploads/2025/04/Gustavo-Petro-y-Alvaro-Leyva-1.jpg?resize=1024%2C768&amp;ssl=1 1024w, https://i0.wp.com/www.lasillavacia.com/wp-content/uploads/2025/04/Gustavo-Petro-y-Alvaro-Leyva-1.jpg?resize=768%2C576&amp;ssl=1 768w, https://i0.wp.com/www.lasillavacia.com/wp-content/uploads/2025/04/Gustavo-Petro-y-Alvaro-Leyva-1.jpg?resize=100%2C75&amp;ssl=1 100w, https://i0.wp.com/www.lasillavacia.com/wp-content/uploads/2025/04/Gustavo-Petro-y-Alvaro-Leyva-1.jpg?resize=800%2C600&amp;ssl=1 800w, https://i0.wp.com/www.lasillavacia.com/wp-content/uploads/2025/04/Gustavo-Petro-y-Alvaro-Leyva-1.jpg?resize=600%2C450&amp;ssl=1 600w, https://i0.wp.com/www.lasillavacia.com/wp-content/uploads/2025/04/Gustavo-Petro-y-Alvaro-Leyva-1.jpg?resize=400%2C300&amp;ssl=1 400w, https://i0.wp.com/www.lasillavacia.com/wp-content/uploads/2025/04/Gustavo-Petro-y-Alvaro-Leyva-1.jpg?resize=200%2C150&amp;ssl=1 200w, https://i0.wp.com/www.lasillavacia.com/wp-content/uploads/2025/04/Gustavo-Petro-y-Alvaro-Leyva-1.jpg?resize=780%2C585&amp;ssl=1 780w, https://i0.wp.com/www.lasillavacia.com/wp-content/uploads/2025/04/Gustavo-Petro-y-Alvaro-Leyva-1.jpg?resize=706%2C530&amp;ssl=1 706w, https://i0.wp.com/www.lasillavacia.com/wp-content/uploads/2025/04/Gustavo-Petro-y-Alvaro-Leyva-1.jpg?fit=1024%2C768&amp;ssl=1&amp;w=370 370w"" sizes=""(max-width: 34.9rem) calc(100vw - 2rem), (max-width: 53rem) calc(8 * (100vw / 12)), (min-width: 53rem) calc(6 * (100vw / 12)), 100vw"" /></figure>
<p>La conspiración del excanciller no tuvo éxito. Pero su revelación ayuda a la narrativa del golpe a Petro y genera una división en la izquierda con Francia Márquez.</p>
<p>The post <a href=""https://www.lasillavacia.com/silla-nacional/coletazos-politicos-de-los-audios-de-leyva-buscando-tumbar-a-petro/"">Coletazos políticos de los audios de Leyva buscando tumbar a Petro</a> appeared first on <a href=""https://www.lasillavacia.com"">La Silla Vacía</a>.</p>",Daniel Pacheco,"Wed, 02 Jul 2025 06:05:58 +0000",https://www.lasillavacia.com/silla-nacional/coletazos-politicos-de-los-audios-de-leyva-buscando-tumbar-a-petro/
Duerma informado con las movidas de este 1 de julio de 2026,"<figure><img width=""1024"" height=""768"" src=""https://i0.wp.com/www.lasillavacia.com/wp-content/uploads/2025/02/EnVivo.jpg?fit=1024%2C768&amp;ssl=1"" class=""attachment-rss-image-size size-rss-image-size wp-post-image"" alt="""" decoding=""async"" srcset=""https://i0.wp.com/www.lasillavacia.com/wp-content/uploads/2025/02/EnVivo.jpg?w=1200&amp;ssl=1 1200w, https://i0.wp.com/www.lasillavacia.com/wp-content/uploads/2025/02/EnVivo.jpg?resize=300%2C225&amp;ssl=1 300w, https://i0.wp.com/www.lasillavacia.com/wp-content/uploads/2025/02/EnVivo.jpg?resize=1024%2C768&amp;ssl=1 1024w, https://i0.wp.com/www.lasillavacia.com/wp-content/uploads/2025/02/EnVivo.jpg?resize=768%2C576&amp;ssl=1 768w, https://i0.wp.com/www.lasillavacia.com/wp-content/uploads/2025/02/EnVivo.jpg?resize=100%2C75&amp;ssl=1 100w, https://i0.wp.com/www.lasillavacia.com/wp-content/uploads/2025/02/EnVivo.jpg?resize=800%2C600&amp;ssl=1 800w, https://i0.wp.com/www.lasillavacia.com/wp-content/uploads/2025/02/EnVivo.jpg?resize=600%2C450&amp;ssl=1 600w, https://i0.wp.com/www.lasillavacia.com/wp-content/uploads/2025/02/EnVivo.jpg?resize=400%2C300&amp;ssl=1 400w, https://i0.wp.com/www.lasillavacia.com/wp-content/uploads/2025/02/EnVivo.jpg?resize=200%2C150&amp;ssl=1 200w, https://i0.wp.com/www.lasillavacia.com/wp-content/uploads/2025/02/EnVivo.jpg?resize=706%2C530&amp;ssl=1 706w, https://i0.wp.com/www.lasillavacia.com/wp-content/uploads/2025/02/EnVivo.jpg?fit=1024%2C768&amp;ssl=1&amp;w=370 370w"" sizes=""(max-width: 34.9rem) calc(100vw - 2rem), (max-width: 53rem) calc(8 * (100vw / 12)), (min-width: 53rem) calc(6 * (100vw / 12)), 100vw"" /></figure>
<p>Fiscalía investiga a Álvaro Leyva por audios sobre intento de golpe; Isabel Zuleta es denunciada por tráfico de influencias y continúa el juicio a Uribe.</p>
<p>The post <a href=""https://www.lasillavacia.com/en-vivo/duerma-informado-con-las-movidas-de-este-1-de-julio-de-2026/"">Duerma informado con las movidas de este 1 de julio de 2026</a> appeared first on <a href=""https://www.lasillavacia.com"">La Silla Vacía</a>.</p>",Pablo Manrique-La Silla Vacía,"Tue, 01 Jul 2025 23:54:50 +0000",https://www.lasillavacia.com/en-vivo/duerma-informado-con-las-movidas-de-este-1-de-julio-de-2026/
"Camilo Ochoa, ‘Río Sensible’, protagoniza el video de ‘No le copio a nadie’ de Martina La Peligrosa: “Himno para la población diversa”","<p>El videoclip de 'No le copio a nadie' fue grabado en la ciudad de Bogotá bajo la dirección de Martina y El French. </p>
<p>La entrada <a href=""https://elpilon.com.co/camilo-ochoa-rio-sensible-protagoniza-el-video-de-no-le-copio-a-nadie-de-martina-la-peligrosa-himno-para-la-poblacion-diversa/"">Camilo Ochoa, ‘Río Sensible’, protagoniza el video de ‘No le copio a nadie’ de Martina La Peligrosa: “Himno para la población diversa”</a> se publicó primero en <a href=""https://elpilon.com.co"">El Pilón | Noticias de Valledupar, El Vallenato y el Caribe Colombiano</a>.</p>",Lucia Mendoza Cuello,2025-07-02,https://elpilon.com.co/camilo-ochoa-rio-sensible-protagoniza-el-video-de-no-le-copio-a-nadie-de-martina-la-peligrosa-himno-para-la-poblacion-diversa/
Valledupar tiene nuevas secretarias: Karol Lobo en Educación y Marianela Guillén en Tránsito,"<p>Las dos profesionales entran al gabinete municipal en reemplazo de Camilo Pinto y Alberto Daza, quienes fungieron como secretarios por un año y cinco meses aproximadamente.</p>
<p>La entrada <a href=""https://elpilon.com.co/valledupar-tiene-nuevas-secretarias-karol-lobo-en-educacion-y-marianela-guillen-en-transito/"">Valledupar tiene nuevas secretarias: Karol Lobo en Educación y Marianela Guillén en Tránsito</a> se publicó primero en <a href=""https://elpilon.com.co"">El Pilón | Noticias de Valledupar, El Vallenato y el Caribe Colombiano</a>.</p>",Namieh Baute Barrios,2025-07-02,https://elpilon.com.co/valledupar-tiene-nuevas-secretarias-karol-lobo-en-educacion-y-marianela-guillen-en-transito/
Valledupar se suma a la “Carrera por la Vida” en apoyo a Miguel Uribe: conozca los puntos de encuentro,"<p>La carrera, que se realizará en distintas ciudades del país, también busca enviar un mensaje de paz y rendir homenaje a la memoria de todas las víctimas de la violencia en Colombia.</p>
<p>La entrada <a href=""https://elpilon.com.co/valledupar-se-suma-a-la-carrera-por-la-vida-en-apoyo-a-miguel-uribe-conozca-los-puntos-de-encuentro/"">Valledupar se suma a la “Carrera por la Vida” en apoyo a Miguel Uribe: conozca los puntos de encuentro</a> se publicó primero en <a href=""https://elpilon.com.co"">El Pilón | Noticias de Valledupar, El Vallenato y el Caribe Colombiano</a>.</p>",Namieh Baute Barrios,2025-07-02,https://elpilon.com.co/valledupar-se-suma-a-la-carrera-por-la-vida-en-apoyo-a-miguel-uribe-conozca-los-puntos-de-encuentro/
Delegación cesarense de taekwondo obtuvo 14 medallas en Grand Prix de Medellín,"<p>La delegación cesarense obtuvo 6 medallas de oro, 1 plata y 7 bronce.</p>
<p>La entrada <a href=""https://elpilon.com.co/delegacion-cesarense-de-taekwondo-obtuvo-14-medallas-en-grand-prix-de-medellin/"">Delegación cesarense de taekwondo obtuvo 14 medallas en Grand Prix de Medellín</a> se publicó primero en <a href=""https://elpilon.com.co"">El Pilón | Noticias de Valledupar, El Vallenato y el Caribe Colombiano</a>.</p>",Periodista,2025-07-02,https://elpilon.com.co/delegacion-cesarense-de-taekwondo-obtuvo-14-medallas-en-grand-prix-de-medellin/
Dimayor estudia reducir la Primera A a 18 equipos: ¿riesgo para Alianza Valledupar?,"<p>Con menos equipos en la primera división, la zona baja de los promedios se acercaría más al cuadro vallenato.</p>
<p>La entrada <a href=""https://elpilon.com.co/dimayor-estudia-reducir-la-primera-a-a-18-equipos-riesgo-para-alianza-valledupar/"">Dimayor estudia reducir la Primera A a 18 equipos: ¿riesgo para Alianza Valledupar?</a> se publicó primero en <a href=""https://elpilon.com.co"">El Pilón | Noticias de Valledupar, El Vallenato y el Caribe Colombiano</a>.</p>",Periodista,2025-07-02,https://elpilon.com.co/dimayor-estudia-reducir-la-primera-a-a-18-equipos-riesgo-para-alianza-valledupar/
La Peña vibró con el Festival de la Patilla 2025: estos son los ganadores de cada concurso,"<p>La edición 37° del Festival de la Patilla culminó con la elección de los nuevos ganadores en cada uno de los concursos que se desarrollaron del 27 al 29 de junio en el corregimiento de La Peña.</p>
<p>La entrada <a href=""https://elpilon.com.co/la-pena-vibro-con-el-festival-de-la-patilla-2025-estos-son-los-ganadores-de-cada-concurso/"">La Peña vibró con el Festival de la Patilla 2025: estos son los ganadores de cada concurso</a> se publicó primero en <a href=""https://elpilon.com.co"">El Pilón | Noticias de Valledupar, El Vallenato y el Caribe Colombiano</a>.</p>",Lucia Mendoza Cuello,2025-07-02,https://elpilon.com.co/la-pena-vibro-con-el-festival-de-la-patilla-2025-estos-son-los-ganadores-de-cada-concurso/
Karen Lizarazo sale en defensa del vallenato femenino tras sufrir acto machista en Neiva,"<p>La cantante Karen Lizarazo pidió disculpas a los asistentes por lo sucedido y finalizó su discurso pidiendo un aplauso para sus colegas Ana del Castillo y Natalia Curvelo, representantes del vallenato femenino en Colombia al igual que ella. </p>
<p>La entrada <a href=""https://elpilon.com.co/karen-lizarazo-sale-en-defensa-del-vallenato-femenino-tras-sufrir-acto-machista-en-neiva/"">Karen Lizarazo sale en defensa del vallenato femenino tras sufrir acto machista en Neiva</a> se publicó primero en <a href=""https://elpilon.com.co"">El Pilón | Noticias de Valledupar, El Vallenato y el Caribe Colombiano</a>.</p>",Lucia Mendoza Cuello,2025-07-02,https://elpilon.com.co/karen-lizarazo-sale-en-defensa-del-vallenato-femenino-tras-sufrir-acto-machista-en-neiva/
Personas entre los 14 y 28 años podrán votar en las elecciones de Consejos de Juventud,"<p>Se trata de un proceso democrático, clave para fortalecer la participación política juvenil en el país. </p>
<p>La entrada <a href=""https://elpilon.com.co/personas-entre-los-14-y-28-anos-podran-votar-en-las-elecciones-de-consejos-de-juventud/"">Personas entre los 14 y 28 años podrán votar en las elecciones de Consejos de Juventud</a> se publicó primero en <a href=""https://elpilon.com.co"">El Pilón | Noticias de Valledupar, El Vallenato y el Caribe Colombiano</a>.</p>",Periodista,2025-07-02,https://elpilon.com.co/personas-entre-los-14-y-28-anos-podran-votar-en-las-elecciones-de-consejos-de-juventud/
Nidia Quintero de Balcázar: la ‘Dama de la Solidaridad’ que Iluminó Colombia,"<p>Hoy, con el corazón apesadumbrado pero lleno de admiración, despedimos a Nidia Quintero de Balcázar, una mujer cuya vida fue un faro de esperanza, un canto a la resiliencia y un testimonio vivo de lo que significa servir con amor.</p>
<p>La entrada <a href=""https://elpilon.com.co/nidia-quintero-de-balcazar-la-dama-de-la-solidaridad-que-ilumino-colombia/"">Nidia Quintero de Balcázar: la ‘Dama de la Solidaridad’ que Iluminó Colombia</a> se publicó primero en <a href=""https://elpilon.com.co"">El Pilón | Noticias de Valledupar, El Vallenato y el Caribe Colombiano</a>.</p>",Yarime Lobo Baute,2025-07-02,https://elpilon.com.co/nidia-quintero-de-balcazar-la-dama-de-la-solidaridad-que-ilumino-colombia/
